parent_gallery_name,parent_gallery_item_id,photo_set_name,photo_set_slug,photo_count,photo_names,photo_item_ids,source_values,grouping_source,grouping_confidence,is_singleton,warnings
Heavenly Host on Earth,6a679b386bb5de7ea717198a,Pair of Angel with Electric Lamps,pair-of-angel-with-electric-lamps,1,PAIR OF ANGEL WITH ELECTRIC LAMPS,6a679b7ccb07e5125504fd70,ngel-with-electric-lamps,CMS Name,high,true,singleton set | truncated source filename
Heavenly Host on Earth,6a679b386bb5de7ea717198a,Pair of Angels in Blue and Pink Robes,pair-of-angels-in-blue-and-pink-robes,1,PAIR OF ANGELS IN BLUE AND PINK ROBES,6a679b7fada99a788db167f1,s-in-blue-and-pink-robes,CMS Name,high,true,singleton set | truncated source filename
Heavenly Host on Earth,6a679b386bb5de7ea717198a,Saint Gabriel Archangel,saint-gabriel-archangel,1,SAINT GABRIEL ARCHANGEL,6a679b6a6bb5de7ea7174250,saint-gabriel-archangel,CMS Name,high,true,singleton set | truncated source filename
Heavenly Host on Earth,6a679b386bb5de7ea717198a,Saint Michael,saint-michael,1,SAINT MICHAEL,6a679b654b2acdc5299fffab,t-on-earth-saint-michael,CMS Name,high,true,singleton set | truncated source filename | potential near-duplicate set name within the same Gallery
Heavenly Host on Earth,6a679b386bb5de7ea717198a,Saint Michael the Archangel,saint-michael-the-archangel,3,SAINT MICHAEL THE ARCHANGEL,6a679b5a6a0d5f994c3865b4 | 6a679b5ebd61fb1cdcd6a2ce | 6a679b620fb9b1f19aad97f0,michael-the-archangel-2 | nt-michael-the-archangel | t-michael-the-archangele,CMS Name,high,false,truncated source filename | potential near-duplicate set name within the same Gallery
Heavenly Host on Earth,6a679b386bb5de7ea717198a,Saint Raphael the Archangel,saint-raphael-the-archangel,1,SAINT RAPHAEL THE ARCHANGEL,6a679b748acb3b3a1417b233,nt-raphael-the-archangel,CMS Name,high,true,singleton set | truncated source filename
Heavenly Host on Earth,6a679b386bb5de7ea717198a,San Gabriel,san-gabriel,2,SAN GABRIEL,6a679b6dcb07e5125504f729 | 6a679b71ef3349cb653a85ee,ost-on-earth-san-gabriel | t-on-earth-san-gabriel-2,CMS Name,high,false,truncated source filename
Heavenly Host on Earth,6a679b386bb5de7ea717198a,San Miguel Image,san-miguel-image,1,SAN MIGUEL IMAGE,6a679b576a0d5f994c38643c,n-earth-san-miguel-image,CMS Name,high,true,singleton set | truncated source filename
Heavenly Host on Earth,6a679b386bb5de7ea717198a,San Rafael,san-rafael,1,SAN RAFAEL,6a679b7960c1167bb6bd4b68,host-on-earth-san-rafael,CMS Name,high,true,singleton set | truncated source filename
Holy Men and Women of God,6a679b41cb07e5125504e546,Cathedra Petri,cathedra-petri,1,CATHEDRA PETRI,6a679cdfef3349cb653ae41d,en-of-god-cathedra-petri,CMS Name,high,true,singleton set | truncated source filename
Holy Men and Women of God,6a679b41cb07e5125504e546,Saint Anne,saint-anne,1,SAINT ANNE,6a679c76cb07e51255055263,women-of-god-saint-anne,CMS Name,high,true,singleton set | truncated source filename | potential near-duplicate set name within the same Gallery
Holy Men and Women of God,6a679b41cb07e5125504e546,Saint Anne Relief,saint-anne-relief,1,SAINT ANNE RELIEF,6a679c7ee4223da842e98998,of-god-saint-anne-relief,CMS Name,high,true,singleton set | truncated source filename | potential near-duplicate set name within the same Gallery
Holy Men and Women of God,6a679b41cb07e5125504e546,Saint Anthony of Padua,saint-anthony-of-padua,1,SAINT ANTHONY OF PADUA,6a679b8dca704d21d80884bc,d-saint-anthony-of-padua,CMS Name,high,true,singleton set | truncated source filename
Holy Men and Women of God,6a679b41cb07e5125504e546,Saint Anthony of Verdun with the Child Jesus,saint-anthony-of-verdun-with-the-child-jesus,1,SAINT ANTHONY OF VERDUN WITH THE CHILD JESUS,6a679ba48acb3b3a1417c63a,dun-with-the-child-jesus,CMS Name,high,true,singleton set | truncated source filename
Holy Men and Women of God,6a679b41cb07e5125504e546,Saint Augustine,saint-augustine,3,SAINT AUGUSTINE,6a679b8a802467161810fc51 | 6a679c16958e708dc18603c3 | 6a679ca16bb5de7ea7183fa5,n-of-god-saint-augustine | of-god-saint-augustine-2 | of-god-saint-augustine-3,CMS Name,high,false,truncated source filename | potential near-duplicate set name within the same Gallery
Holy Men and Women of God,6a679b41cb07e5125504e546,Saint Augustine De Hippo (1980'S),saint-augustine-de-hippo-1980-s,1,SAINT AUGUSTINE DE HIPPO (1980's),6a679c100dc0a2b1638afe8b,augustine-de-hippo-1980s,CMS Name,high,true,singleton set | truncated source filename | potential near-duplicate set name within the same Gallery
Holy Men and Women of God,6a679b41cb07e5125504e546,Saint Catherine Original Face,saint-catherine-original-face,1,SAINT CATHERINE ORIGINAL FACE,6a679ce455b8941c6fdc7361,catherine-original-face,CMS Name,high,true,singleton set | truncated source filename
Holy Men and Women of God,6a679b41cb07e5125504e546,Saint Claire,saint-claire,1,SAINT CLAIRE,6a679bb8ebb5c526c04c8642,omen-of-god-saint-claire,CMS Name,high,true,singleton set | truncated source filename
Holy Men and Women of God,6a679b41cb07e5125504e546,Saint Francis,saint-francis,2,SAINT FRANCIS,6a679bb52ab6542afae64f78 | 6a679c9aefbaeffca00fcf06,men-of-god-saint-francis | n-of-god-saint-francis-2,CMS Name,high,false,truncated source filename
Holy Men and Women of God,6a679b41cb07e5125504e546,Saint Guillermo,saint-guillermo,2,SAINT GUILLERMO,6a679cf2dffe953a779d1116 | 6a679d306a0d5f994c38c54e,n-of-god-saint-guillermo,CMS Name,high,false,truncated source filename
Holy Men and Women of God,6a679b41cb07e5125504e546,Saint Ignatius,saint-ignatius,1,SAINT IGNATIUS,6a679c658acb3b3a14180bb2,en-of-god-saint-ignatius,CMS Name,high,true,singleton set | truncated source filename
Holy Men and Women of God,6a679b41cb07e5125504e546,Saint Joaquin Relief,saint-joaquin-relief,1,SAINT JOAQUIN RELIEF,6a679c7aefbaeffca00fbd12,god-saint-joaquin-relief,CMS Name,high,true,singleton set | truncated source filename
Holy Men and Women of God,6a679b41cb07e5125504e546,Saint John Sahagun,saint-john-sahagun,1,SAINT JOHN SAHAGUN,6a679b918acb3b3a1417bdcb,f-god-saint-john-sahagun,CMS Name,high,true,singleton set | truncated source filename
Holy Men and Women of God,6a679b41cb07e5125504e546,Saint Jude Thaddeus,saint-jude-thaddeus,1,SAINT JUDE THADDEUS,6a679c593be05a134f6393ba,god-saint-jude-thaddeus,CMS Name,high,true,singleton set | truncated source filename
Holy Men and Women of God,6a679b41cb07e5125504e546,Saint Lucas,saint-lucas,1,SAINT LUCAS,6a679b9c0c02f7b16f38911a,women-of-god-saint-lucas,CMS Name,high,true,singleton set | truncated source filename
Holy Men and Women of God,6a679b41cb07e5125504e546,Saint Mary Magdalene,saint-mary-magdalene,1,SAINT MARY MAGDALENE,6a679b990dc0a2b1638ac049,god-saint-mary-magdalene,CMS Name,high,true,singleton set | truncated source filename
Holy Men and Women of God,6a679b41cb07e5125504e546,Saint Monica,saint-monica,1,SAINT MONICA,6a679c9de4223da842e99c05,omen-of-god-saint-monica,CMS Name,high,true,singleton set | truncated source filename
Holy Men and Women of God,6a679b41cb07e5125504e546,Saint Nicholas of Tolentino,saint-nicholas-of-tolentino,1,SAINT NICHOLAS OF TOLENTINO,6a679b86ada99a788db16aea,nt-nicholas-of-tolentino,CMS Name,high,true,singleton set | truncated source filename
Holy Men and Women of God,6a679b41cb07e5125504e546,Saint Paul,saint-paul,1,SAINT PAUL,6a679ba73be05a134f633938,women-of-god-saint-paul,CMS Name,high,true,singleton set | truncated source filename
Holy Men and Women of God,6a679b41cb07e5125504e546,Saint Peter,saint-peter,3,SAINT PETER,6a679baa958e708dc185de94 | 6a679c856bb5de7ea7182a6f | 6a679cc5b33f1426ff28cc2b,men-of-god-saint-peter-2 | men-of-god-saint-peter-3 | women-of-god-saint-peter,CMS Name,high,false,truncated source filename | potential near-duplicate set name within the same Gallery
Holy Men and Women of God,6a679b41cb07e5125504e546,Saint Peter in His Throne,saint-peter-in-his-throne,1,SAINT PETER IN HIS THRONE,6a679b9f88153d547cf6c6a8,aint-peter-in-his-throne,CMS Name,high,true,singleton set | truncated source filename | potential near-duplicate set name within the same Gallery
Holy Men and Women of God,6a679b41cb07e5125504e546,Saint Peter Relief,saint-peter-relief,1,SAINT PETER RELIEF,6a679c81ebb5c526c04c9a77,f-god-saint-peter-relief,CMS Name,high,true,singleton set | truncated source filename | potential near-duplicate set name within the same Gallery
Holy Men and Women of God,6a679b41cb07e5125504e546,Saint Raymond Nonmatur,saint-raymond-nonmatur,1,SAINT RAYMOND NONMATUR,6a679b83eeade61073c1f516,d-saint-raymond-nonmatur,CMS Name,high,true,singleton set | truncated source filename
Holy Men and Women of God,6a679b41cb07e5125504e546,Saint Rita of Cascia,saint-rita-of-cascia,1,SAINT RITA OF CASCIA,6a679b9555b8941c6fdbfc75,god-saint-rita-of-cascia,CMS Name,high,true,singleton set | truncated source filename
Holy Men and Women of God,6a679b41cb07e5125504e546,Saint Rose of Lima,saint-rose-of-lima,2,SAINT ROSE OF LIMA,6a679c4eefbaeffca00fa04c | 6a679c5278a10dded9123d72,f-god-saint-rose-of-lima | god-saint-rose-of-lima-2,CMS Name,high,false,truncated source filename
Holy Men and Women of God,6a679b41cb07e5125504e546,Saint Therese,saint-therese,1,SAINT THERESE,6a679c2c2ab6542afae67880,men-of-god-saint-therese,CMS Name,high,true,singleton set | truncated source filename | potential near-duplicate set name within the same Gallery
Holy Men and Women of God,6a679b41cb07e5125504e546,Saint Therese of Lisieux,saint-therese-of-lisieux,1,SAINT THERESE OF LISIEUX,6a679bc86bb5de7ea7179b03,saint-therese-of-lisieux,CMS Name,high,true,singleton set | truncated source filename | potential near-duplicate set name within the same Gallery
Holy Men and Women of God,6a679b41cb07e5125504e546,Saints Paul and Peter,saints-paul-and-peter,1,SAINTS PAUL AND PETER,6a679bb180246716181108d6,od-saints-paul-and-peter,CMS Name,high,true,singleton set | truncated source filename
Holy Men and Women of God,6a679b41cb07e5125504e546,San Agustin,san-agustin,1,SAN AGUSTIN,6a679c35b33f1426ff2884ff,women-of-god-san-agustin,CMS Name,high,true,singleton set | truncated source filename
Holy Men and Women of God,6a679b41cb07e5125504e546,San Antonio,san-antonio,1,SAN ANTONIO,6a679c6847694145669ce483,women-of-god-san-antonio,CMS Name,high,true,singleton set | truncated source filename | potential near-duplicate set name within the same Gallery
Holy Men and Women of God,6a679b41cb07e5125504e546,San Antonio De Padua,san-antonio-de-padua,3,SAN ANTONIO DE PADUA,6a679bcd7887d4eb8fb3f861 | 6a679be92ab6542afae6684c | 6a679c1a6bb5de7ea717dfad,d-san-antonio-de-padua-2 | d-san-antonio-de-padua-3 | god-san-antonio-de-padua,CMS Name,high,false,truncated source filename | potential near-duplicate set name within the same Gallery
Holy Men and Women of God,6a679b41cb07e5125504e546,San Damaso,san-damaso,1,SAN DAMASO,6a679ccaca704d21d808ee49,women-of-god-san-damaso,CMS Name,high,true,singleton set | truncated source filename
Holy Men and Women of God,6a679b41cb07e5125504e546,San Fernando Rey (Processional Image),san-fernando-rey-processional-image,1,SAN FERNANDO REY (PROCESSIONAL IMAGE),6a679c62bded1ae16ef71dc2,o-rey-processional-image,CMS Name,high,true,singleton set | truncated source filename
Holy Men and Women of God,6a679b41cb07e5125504e546,San Gregorio (Bisita Patron),san-gregorio-bisita-patron,1,SAN GREGORIO (BISITA PATRON),6a679bfc9e9b3c4d1d715c3b,n-gregorio-bisita-patron,CMS Name,high,true,singleton set | truncated source filename
Holy Men and Women of God,6a679b41cb07e5125504e546,San Gregorio Magno,san-gregorio-magno,2,SAN GREGORIO MAGNO,6a679bf978a10dded9122d17 | 6a679c0b8acb3b3a1417f289,f-god-san-gregorio-magno | god-san-gregorio-magno-2,CMS Name,high,false,truncated source filename
Holy Men and Women of God,6a679b41cb07e5125504e546,San Guillermo,san-guillermo,2,SAN GUILLERMO,6a679c4047694145669cda63 | 6a679c4388153d547cf70841,men-of-god-san-guillermo | n-of-god-san-guillermo-2,CMS Name,high,false,truncated source filename | potential near-duplicate set name within the same Gallery
Holy Men and Women of God,6a679b41cb07e5125504e546,San Guillermo Processional Image (Original),san-guillermo-processional-image-original,1,SAN GUILLERMO PROCESSIONAL IMAGE (ORIGINAL),6a679cef0c02f7b16f390b5e,cessional-image-original,CMS Name,high,true,singleton set | truncated source filename | potential near-duplicate set name within the same Gallery
Holy Men and Women of God,6a679b41cb07e5125504e546,San Isidro,san-isidro,1,SAN ISIDRO,6a679bf188153d547cf6e61f,women-of-god-san-isidro,CMS Name,high,true,singleton set | truncated source filename | potential near-duplicate set name within the same Gallery
Holy Men and Women of God,6a679b41cb07e5125504e546,San Isidro Labrador,san-isidro-labrador,2,SAN ISIDRO LABRADOR,6a679bc50dc0a2b1638ad324 | 6a679c7235ea77969d63c068,god-san-isidro-labrador | od-san-isidro-labrador-2,CMS Name,high,false,truncated source filename | potential near-duplicate set name within the same Gallery
Holy Men and Women of God,6a679b41cb07e5125504e546,San Isidro Labrador Statue,san-isidro-labrador-statue,1,SAN ISIDRO LABRADOR STATUE,6a679c964b2acdc529a03643,n-isidro-labrador-statue,CMS Name,high,true,singleton set | truncated source filename | potential near-duplicate set name within the same Gallery
Holy Men and Women of God,6a679b41cb07e5125504e546,San Juan (Baptism Scene),san-juan-baptism-scene,1,SAN JUAN (BAPTISM SCENE),6a679ca9982910d5c3175499,d-san-juan-baptism-scene,CMS Name,high,true,singleton set | truncated source filename
Holy Men and Women of God,6a679b41cb07e5125504e546,San Juan Bautista,san-juan-bautista,1,SAN JUAN BAUTISTA,6a679ca5e4223da842e9a1cf,of-god-san-juan-bautista,CMS Name,high,true,singleton set | truncated source filename
Holy Men and Women of God,6a679b41cb07e5125504e546,San Juan Nepomuceno,san-juan-nepomuceno,2,SAN JUAN NEPOMUCENO,6a679c6f1e982a57a4715ef6 | 6a679cbd165b308540780d63,god-san-juan-nepomuceno | od-san-juan-nepomuceno-2,CMS Name,high,false,truncated source filename | potential near-duplicate set name within the same Gallery
Holy Men and Women of God,6a679b41cb07e5125504e546,San Juan Nepomuceno (Filer),san-juan-nepomuceno-filer,1,SAN JUAN NEPOMUCENO (FILER),6a679c6b6bb5de7ea718181d,an-juan-nepomuceno-filer,CMS Name,high,true,singleton set | truncated source filename | potential near-duplicate set name within the same Gallery
Holy Men and Women of God,6a679b41cb07e5125504e546,San Lorenzo Ruiz,san-lorenzo-ruiz,2,SAN LORENZO RUIZ,6a679bd98acb3b3a1417dfcf | 6a679c1defbaeffca00f7a3c,f-god-san-lorenzo-ruiz-2 | of-god-san-lorenzo-ruiz,CMS Name,high,false,truncated source filename | potential near-duplicate set name within the same Gallery
Holy Men and Women of God,6a679b41cb07e5125504e546,San Lorenzo Ruiz De Manila,san-lorenzo-ruiz-de-manila,1,SAN LORENZO RUIZ DE MANILA,6a679bbb8024671618110b53,n-lorenzo-ruiz-de-manila,CMS Name,high,true,singleton set | truncated source filename | potential near-duplicate set name within the same Gallery
Holy Men and Women of God,6a679b41cb07e5125504e546,San Martin De Porres,san-martin-de-porres,2,SAN MARTIN DE PORRES,6a679bbf1b2e0e87bdd35f06 | 6a679c0828de0e6fd8c19351,d-san-martin-de-porres-2 | god-san-martin-de-porres,CMS Name,high,false,truncated source filename
Holy Men and Women of God,6a679b41cb07e5125504e546,San Nicolas De Tolentino,san-nicolas-de-tolentino,1,SAN NICOLAS DE TOLENTINO,6a679bed35ea77969d639ded,san-nicolas-de-tolentino,CMS Name,high,true,singleton set | truncated source filename
Holy Men and Women of God,6a679b41cb07e5125504e546,San Nicolas Image (Statue),san-nicolas-image-statue,1,SAN NICOLAS IMAGE (STATUE),6a679bd56a0d5f994c3887f4,san-nicolas-image-statue,CMS Name,high,true,singleton set | truncated source filename
Holy Men and Women of God,6a679b41cb07e5125504e546,San Nikolas,san-nikolas,1,SAN NIKOLAS,6a679be680246716181120ae,women-of-god-san-nikolas,CMS Name,high,true,singleton set | truncated source filename
Holy Men and Women of God,6a679b41cb07e5125504e546,San Pedro,san-pedro,1,SAN PEDRO,6a679cb388153d547cf74028,d-women-of-god-san-pedro,CMS Name,high,true,singleton set | truncated source filename
Holy Men and Women of God,6a679b41cb07e5125504e546,San Roque,san-roque,6,SAN ROQUE,6a679bdce4223da842e93b54 | 6a679c008024671618112da2 | 6a679c03fd200fc82a6fb83a | 6a679c293b7bf7fb5d49f483 | 6a679c4b8024671618115361 | 6a679cce3be05a134f63cd46,d-women-of-god-san-roque | women-of-god-san-roque-2 | women-of-god-san-roque-3 | women-of-god-san-roque-4 | women-of-god-san-roque-5 | women-of-god-san-roque-6,CMS Name,high,false,truncated source filename
Holy Men and Women of God,6a679b41cb07e5125504e546,San Vicente Ferrer,san-vicente-ferrer,8,SAN VICENTE FERRER,6a679bae35ea77969d638b8a | 6a679bf58024671618112905 | 6a679c211e982a57a4714dc6 | 6a679c89958e708dc18622ae | 6a679c8c4b2acdc529a0336e | 6a679c8f958e708dc18624ae | 6a679c932d6d999f309bfae1 | 6a679cd30dc0a2b1638b60d1,f-god-san-vicente-ferrer | god-san-vicente-ferrer-2 | god-san-vicente-ferrer-3 | god-san-vicente-ferrer-4 | god-san-vicente-ferrer-5 | god-san-vicente-ferrer-6 | god-san-vicente-ferrer-7 | god-san-vicente-ferrer-8,CMS Name,high,false,truncated source filename | potential near-duplicate set name within the same Gallery
Holy Men and Women of God,6a679b41cb07e5125504e546,San Vicente Ferrer (Hagtasan),san-vicente-ferrer-hagtasan,1,SAN VICENTE FERRER (Hagtasan),6a679c2f7887d4eb8fb40056,vicente-ferrer-hagtasan,CMS Name,high,true,singleton set | truncated source filename | potential near-duplicate set name within the same Gallery
Holy Men and Women of God,6a679b41cb07e5125504e546,San Vicente Ferrer (Small),san-vicente-ferrer-small,1,SAN VICENTE FERRER (SMALL),6a679cd93b7bf7fb5d4a3fac,san-vicente-ferrer-small,CMS Name,high,true,singleton set | truncated source filename | potential near-duplicate set name within the same Gallery
Holy Men and Women of God,6a679b41cb07e5125504e546,Santa Anna,santa-anna,1,SANTA ANNA,6a679bd10dc0a2b1638ad999,women-of-god-santa-anna,CMS Name,high,true,singleton set | truncated source filename
Holy Men and Women of God,6a679b41cb07e5125504e546,Santa Monica,santa-monica,2,SANTA MONICA,6a679c13eeade61073c24cc6 | 6a679c3d0c02f7b16f38b48f,en-of-god-santa-monica-2 | omen-of-god-santa-monica,CMS Name,high,false,truncated source filename
Holy Men and Women of God,6a679b41cb07e5125504e546,Santa Teresa De Avila,santa-teresa-de-avila,1,SANTA TERESA DE AVILA,6a679be38024671618111eb4,od-santa-teresa-de-avila,CMS Name,high,true,singleton set | truncated source filename | potential near-duplicate set name within the same Gallery
Holy Men and Women of God,6a679b41cb07e5125504e546,Santa Teresa De Avila (Altar),santa-teresa-de-avila-altar,1,SANTA TERESA DE AVILA (ALTAR),6a679bdf60c1167bb6bd62af,ta-teresa-de-avila-altar,CMS Name,high,true,singleton set | truncated source filename | potential near-duplicate set name within the same Gallery
Holy Men and Women of God,6a679b41cb07e5125504e546,Santa Veronica,santa-veronica,1,SANTA VERONICA,6a679cb908b9a44c5a9b6e8c,en-of-god-santa-veronica,CMS Name,high,true,singleton set | truncated source filename
Holy Men and Women of God,6a679b41cb07e5125504e546,Santiago De Compostella,santiago-de-compostella,1,SANTIAGO DE COMPOSTELLA,6a679c47fd200fc82a6fcdb5,santiago-de-compostella,CMS Name,high,true,singleton set | truncated source filename
Holy Men and Women of God,6a679b41cb07e5125504e546,Santo Tomas De Villanueva,santo-tomas-de-villanueva,2,SANTO TOMAS DE VILLANUEVA,6a679c5d88153d547cf71438 | 6a679cafcb07e51255057eb5,anto-tomas-de-villanueva | to-tomas-de-villanueva-2,CMS Name,high,false,truncated source filename
Holy Men and Women of God,6a679b41cb07e5125504e546,St. Martin De Porres,st-martin-de-porres,1,ST. MARTIN DE PORRES,6a679c256bb5de7ea717e753,god-st-martin-de-porres,CMS Name,high,true,singleton set | truncated source filename
Holy Men and Women of God,6a679b41cb07e5125504e546,Sta. Rosa Altar Riere (Large),sta-rosa-altar-riere-large,1,STA. ROSA ALTAR RIERE (LARGE),6a679c564b2acdc529a01f11,a-rosa-altar-riere-large,CMS Name,high,true,singleton set | truncated source filename
Home Devotions,6a679b396bb5de7ea7171a97,Altar Set,altar-set,1,ALTAR SET,6a679d34efbaeffca01023aa,home-devotions-altar-set,CMS Name,high,true,singleton set | truncated source filename
Home Devotions,6a679b396bb5de7ea7171a97,Combate Espiritual,combate-espiritual,1,COMBATE ESPIRITUAL,6a679d68efbaeffca0103d9a,tions-combate-espiritual,CMS Name,high,true,singleton set | truncated source filename
Home Devotions,6a679b396bb5de7ea7171a97,Crucifix Inside Reliquary,crucifix-inside-reliquary,1,CRUCIFIX INSIDE RELIQUARY,6a679d618acb3b3a141881dc,rucifix-inside-reliquary,CMS Name,high,true,singleton set | truncated source filename
Home Devotions,6a679b396bb5de7ea7171a97,Framed Lagang,framed-lagang,3,FRAMED LAGANG,6a679d5539a6297b82e042ef | 6a679d5aebb5c526c04d0907 | 6a679d5e08b9a44c5a9ba59a,devotions-framed-lagang | evotions-framed-lagang-2 | evotions-framed-lagang-3,CMS Name,high,false,truncated source filename
Home Devotions,6a679b396bb5de7ea7171a97,Image Used for Block Rosary,image-used-for-block-rosary,3,IMAGE USED FOR BLOCK ROSARY,6a679d42bded1ae16ef79811 | 6a679d47d0581e7876fc3254 | 6a679d4be4223da842ea0ffb,ge-used-for-block-rosary | used-for-block-rosary-2 | used-for-block-rosary-3,CMS Name,high,false,truncated source filename
Home Devotions,6a679b396bb5de7ea7171a97,Our Lady of Fatima,our-lady-of-fatima,1,OUR LADY OF FATIMA,6a679d384b2acdc529a0abbf,tions-our-lady-of-fatima,CMS Name,high,true,singleton set | truncated source filename
Home Devotions,6a679b396bb5de7ea7171a97,"Prayer Book; El Perfecto Christiano, Paralevantor El Spirito Adios",prayer-book-el-perfecto-christiano-paralevantor-el-spirito-adios,1,"PRAYER BOOK; EL PERFECTO CHRISTIANO, PARALEVANTOR EL SPIRITO ADIOS",6a679d6535ea77969d642648,evantor-el-spirito-adios,CMS Name,high,true,singleton set | truncated source filename
Home Devotions,6a679b396bb5de7ea7171a97,Sacred Heart,sacred-heart,1,SACRED HEART,6a679d3ebded1ae16ef79504,e-devotions-sacred-heart,CMS Name,high,true,singleton set | truncated source filename
Home Devotions,6a679b396bb5de7ea7171a97,Virgin Statue,virgin-statue,1,VIRGIN STATUE,6a679d502ab6542afae70d07,devotions-virgin-statue,CMS Name,high,true,singleton set | truncated source filename
Images of Christ,6a66d179891d895436262309,Blessed Virgin,images-of-christ-blessed-virgin,1,Blessed Virgin,6a679d7a6a0d5f994c38e38f,christ-blessed-virgin-5,CMS Name,high,true,singleton set | truncated source filename
Images of Christ,6a66d179891d895436262309,Christ From La Pieta,christ-from-la-pieta,1,CHRIST FROM LA PIETA,6a679dbb06a410138714f828,ist-christ-from-la-pieta,CMS Name,high,true,singleton set | truncated source filename
Images of Christ,6a66d179891d895436262309,Crucifix,images-of-christ-crucifix,14,CRUCIFIX,6a679d860fb9b1f19aae529a | 6a679d86ef3349cb653b4e96 | 6a679d89d0581e7876fc63db | 6a679d8ab33f1426ff2933f8 | 6a679d8d3be05a134f642bc5 | 6a679d8e4b2acdc529a0eae3 | 6a679d8f8acb3b3a1418939f | 6a679d904b2acdc529a0ecf1 | 6a679d9639a6297b82e06a5d | 6a679d984b2acdc529a0f015 | 6a679d9939a6297b82e06c69 | 6a679d9adffe953a779d6178 | 6a679d9b0c02f7b16f3959db | 6a679da278a10dded912e301,es-of-christ-crucifix-10 | es-of-christ-crucifix-11 | es-of-christ-crucifix-12 | es-of-christ-crucifix-13 | ges-of-christ-crucifix-2 | ges-of-christ-crucifix-3 | ges-of-christ-crucifix-4 | ges-of-christ-crucifix-6 | ges-of-christ-crucifix-7 | ges-of-christ-crucifix-8 | ges-of-christ-crucifix-9 | image-030-6c28ab6556 | mages-of-christ-crucifix,CMS Name,high,false,truncated source filename | unusually large set | potential near-duplicate set name within the same Gallery
Images of Christ,6a66d179891d895436262309,Crucifix (Church),crucifix-church,1,CRUCIFIX (CHURCH),6a679d9e06a410138714e698,f-christ-crucifix-church,CMS Name,high,true,singleton set | truncated source filename | potential near-duplicate set name within the same Gallery
Images of Christ,6a66d179891d895436262309,Crucifix (Golgotha Scene),crucifix-golgotha-scene,1,CRUCIFIX (GOLGOTHA SCENE),6a679d9f9e9b3c4d1d721b2d,crucifix-golgotha-scene,CMS Name,high,true,singleton set | truncated source filename | potential near-duplicate set name within the same Gallery
Images of Christ,6a66d179891d895436262309,Crucifix with Corpus,crucifix-with-corpus,1,CRUCIFIX WITH CORPUS,6a679da13b7bf7fb5d4ad441,ist-crucifix-with-corpus,CMS Name,high,true,singleton set | truncated source filename | potential near-duplicate set name within the same Gallery
Images of Christ,6a66d179891d895436262309,Ecce Homo,ecce-homo,1,ECCE HOMO,6a679d7fada99a788db21ef9,ages-of-christ-ecce-homo,CMS Name,high,true,singleton set | truncated source filename
Images of Christ,6a66d179891d895436262309,Head of Jesus Nazareno,head-of-jesus-nazareno,1,HEAD OF JESUS NAZARENO,6a679d81dffe953a779d538e,t-head-of-jesus-nazareno,CMS Name,high,true,singleton set | truncated source filename
Images of Christ,6a66d179891d895436262309,Holy Cross,holy-cross,1,HOLY CROSS,6a679db478a10dded912eb7a,ges-of-christ-holy-cross,CMS Name,high,true,singleton set | truncated source filename
Images of Christ,6a66d179891d895436262309,Image of Christ,image-of-christ,1,IMAGE OF CHRIST,6a679dc306a410138714fd56,image-052-2135dbb9b3,CMS Name,high,true,singleton set | truncated source filename
Images of Christ,6a66d179891d895436262309,Jesus and the Apostles at the Last Supper,jesus-and-the-apostles-at-the-last-supper,1,JESUS AND THE APOSTLES AT THE LAST SUPPER,6a679d7e0c02f7b16f39500a,image-020-d09a072615,CMS Name,high,true,singleton set | truncated source filename
Images of Christ,6a66d179891d895436262309,Jesus Nazareno,jesus-nazareno,2,JESUS NAZARENO,6a679d82ada99a788db220d2 | 6a679d84bd61fb1cdcd78c66,christ-jesus-nazareno-2 | of-christ-jesus-nazareno,CMS Name,high,false,truncated source filename
Images of Christ,6a66d179891d895436262309,La Pieta,la-pieta,1,LA PIETA,6a679d840c02f7b16f3952f2,mages-of-christ-la-pieta,CMS Name,high,true,singleton set | truncated source filename
Images of Christ,6a66d179891d895436262309,Niño Bambino,nino-bambino,1,NIÑO BAMBINO,6a679d770fb9b1f19aae46e8,image-012-ae25b4d86b,CMS Name,high,true,singleton set | truncated source filename
Images of Christ,6a66d179891d895436262309,Resurrected Christ,resurrected-christ,2,RESURRECTED CHRIST,6a679dc808b9a44c5a9bb585 | 6a679dca2ab6542afae75b4f,hrist-resurrected-christ | ist-resurrected-christ-3,CMS Name,high,false,truncated source filename
Images of Christ,6a66d179891d895436262309,Sacred Heart of Jesus,images-of-christ-sacred-heart-of-jesus,7,SACRED HEART OF JESUS,6a679dd1e4223da842ea5389 | 6a679dd42d6d999f309cd2de | 6a679dd56bb5de7ea718d69c | 6a679dd6ca704d21d80977df | 6a679dd71cf84c122f32a069 | 6a679dd7d0581e7876fc9093 | 6a679dd864f8d69fc30fa7d8,sacred-heart-of-jesus-2 | sacred-heart-of-jesus-3 | sacred-heart-of-jesus-4 | sacred-heart-of-jesus-5 | sacred-heart-of-jesus-6 | sacred-heart-of-jesus-7 | st-sacred-heart-of-jesus,CMS Name,high,false,truncated source filename
Images of Christ,6a66d179891d895436262309,Salvador Mundi (Savior of the World),salvador-mundi-savior-of-the-world,1,SALVADOR MUNDI (SAVIOR OF THE WORLD),6a679dda6a0d5f994c3905b9,undi-savior-of-the-world,CMS Name,high,true,singleton set | truncated source filename
Images of Christ,6a66d179891d895436262309,Santa Cross,santa-cross,3,SANTA CROSS,6a679da5982910d5c317f5ca | 6a679daa2ab6542afae74559 | 6a679dc61b2e0e87bdd3e5ec,image-043-a42d06d1f7 | image-054-ddb82092a6 | of-christ-santa-cross-2,CMS Name,high,false,truncated source filename
Images of Christ,6a66d179891d895436262309,Santa Cruz,santa-cruz,1,SANTA CRUZ,6a679db2d0581e7876fc7305,image-045-c27dda3467,CMS Name,high,true,singleton set | truncated source filename
Images of Christ,6a66d179891d895436262309,Santo Entierro,santo-entierro,6,SANTO ENTIERRO,6a679db6ca704d21d8096916 | 6a679db82ab6542afae74f16 | 6a679dbcb33f1426ff295181 | 6a679dc12ab6542afae7564f | 6a679dc5ebb5c526c04d3552 | 6a679dc9ebb5c526c04d3897,christ-santo-entierro-6 | image-047-0765acd3f4 | image-048-d272698e25 | image-050-b8d2388597 | image-051-21bd05a00f | image-053-8c207c0822,CMS Name,high,false,truncated source filename
Images of Christ,6a66d179891d895436262309,Santo Lutresso,santo-lutresso,1,SANTO LUTRESSO,6a679dc61b2e0e87bdd3e62b,image-055-b58b85f340,CMS Name,high,true,singleton set | truncated source filename
Images of Christ,6a66d179891d895436262309,"Santo Nino, El Salvador Del Mundo",santo-nino-el-salvador-del-mundo,1,"SANTO NINO, EL SALVADOR DEL MUNDO",6a679d7c1b2e0e87bdd3d0fc,no-el-salvador-del-mundo,CMS Name,high,true,singleton set | truncated source filename | potential near-duplicate set name within the same Gallery
Images of Christ,6a66d179891d895436262309,Santo Niño,santo-nino,14,SANTO NIÑO,6a679ae3cb07e5125504cb4c | 6a679d69982910d5c317d3e9 | 6a679d6a0c02f7b16f394576 | 6a679d6c4b2acdc529a0d33a | 6a679d6d08b9a44c5a9bab1b | 6a679d6e48fe08facb655f62 | 6a679d6f6a0d5f994c38e069 | 6a679d730fb9b1f19aae43c2 | 6a679d74982910d5c317da3b | 6a679d7548fe08facb656533 | 6a679d780fb9b1f19aae48c2 | 6a679d78ada99a788db21ab7 | 6a679d791b2e0e87bdd3d070 | 6a679d7bdffe953a779d50be,ges-of-christ-santo-nino | of-christ-santo-nino-10 | of-christ-santo-nino-11 | of-christ-santo-nino-12 | of-christ-santo-nino-13 | of-christ-santo-nino-15 | s-of-christ-santo-nino-3 | s-of-christ-santo-nino-4 | s-of-christ-santo-nino-5 | s-of-christ-santo-nino-6 | s-of-christ-santo-nino-7 | s-of-christ-santo-nino-8 | s-of-christ-santo-nino-9,CMS Name,high,false,truncated source filename | unusually large set | potential near-duplicate set name within the same Gallery
Images of Christ,6a66d179891d895436262309,Santo Niño De Poro,santo-nino-de-poro,1,SANTO NIÑO DE PORO,6a679d712ab6542afae724d9,hrist-santo-nino-de-poro,CMS Name,high,true,singleton set | truncated source filename | potential near-duplicate set name within the same Gallery
Images of Christ,6a66d179891d895436262309,Santo Niño the Carpenter,santo-nino-the-carpenter,1,SANTO NIÑO THE CARPENTER,6a679d7dd0581e7876fc595b,santo-nino-the-carpenter,CMS Name,high,true,singleton set | truncated source filename | potential near-duplicate set name within the same Gallery
Images of Christ,6a66d179891d895436262309,Wooden Cross,wooden-cross,1,WOODEN CROSS,6a679da478a10dded912e3ac,image-042-09672ceb16,CMS Name,high,true,singleton set | truncated source filename
In Love with Mary,6a4130fb64e5cff40d221d56,Birhen Sa Barangay,birhen-sa-barangay,2,BIRHEN SA BARANGAY,6a679e412d6d999f309d2865 | 6a679e419e9b3c4d1d726ea8,ary-birhen-sa-barangay-2 | mary-birhen-sa-barangay,CMS Name,high,false,truncated source filename
In Love with Mary,6a4130fb64e5cff40d221d56,Birhen Sa Regla,in-love-with-mary-birhen-sa-regla,3,Birhen sa Regla | BIRHEN SA REGLA,6a679de26691b1c612449841 | 6a679e3b4b2acdc529a153a1 | 6a679e4d48fe08facb65c8c1,h-mary-birhen-sa-regla-2 | h-mary-birhen-sa-regla-3 | ith-mary-birhen-sa-regla,CMS Name,high,false,truncated source filename
In Love with Mary,6a4130fb64e5cff40d221d56,Blessed Virgin,in-love-with-mary-blessed-virgin,6,Blessed Virgin,6a679ddbebb5c526c04d43cb | 6a679dddbd61fb1cdcd7c0d6 | 6a679dde3be05a134f6449c1 | 6a679de02ab6542afae76c71 | 6a679de11b2e0e87bdd3ee93 | 6a679de5e4223da842ea615a,th-mary-blessed-virgin-2 | th-mary-blessed-virgin-3 | th-mary-blessed-virgin-4 | th-mary-blessed-virgin-5 | th-mary-blessed-virgin-6 | with-mary-blessed-virgin,CMS Name,high,false,truncated source filename
In Love with Mary,6a4130fb64e5cff40d221d56,Devotional Image of the Legion of Mary,devotional-image-of-the-legion-of-mary,1,DEVOTIONAL IMAGE OF THE LEGION OF MARY,6a679e33312313cb551e2596,ge-of-the-legion-of-mary,CMS Name,high,true,singleton set | truncated source filename
In Love with Mary,6a4130fb64e5cff40d221d56,Estandarte De La Nuestra Señora De La Consolacion Y Correa,estandarte-de-la-nuestra-senora-de-la-consolacion-y-correa,1,ESTANDARTE DE LA NUESTRA SEÑORA DE LA CONSOLACION Y CORREA,6a679e48bded1ae16ef81e63,la-consolacion-y-correa,CMS Name,high,true,singleton set | truncated source filename
In Love with Mary,6a4130fb64e5cff40d221d56,Estandarte De La Nuestra Señora De Lourdes,estandarte-de-la-nuestra-senora-de-lourdes,1,ESTANDARTE DE LA NUESTRA SEÑORA DE LOURDES,6a679e4b4b2acdc529a15f68,uestra-senora-de-lourdes,CMS Name,high,true,singleton set | truncated source filename
In Love with Mary,6a4130fb64e5cff40d221d56,Estandarte De La Nuestra Señora Del Carmen,estandarte-de-la-nuestra-senora-del-carmen,1,ESTANDARTE DE LA NUESTRA SEÑORA DEL CARMEN,6a679e4939a6297b82e0afe6,uestra-senora-del-carmen,CMS Name,high,true,singleton set | truncated source filename
In Love with Mary,6a4130fb64e5cff40d221d56,Immaculate Heart of Mary,immaculate-heart-of-mary,3,IMMACULATE HEART OF MARY,6a679e220fb9b1f19aaebfc5 | 6a679e236691b1c61244a53f | 6a679e242d6d999f309d1432,immaculate-heart-of-mary | maculate-heart-of-mary-2 | maculate-heart-of-mary-3,CMS Name,high,false,truncated source filename
In Love with Mary,6a4130fb64e5cff40d221d56,"Mary, Help of Christians",mary-help-of-christians,1,"MARY, HELP OF CHRISTIANS",6a679e3f165b3085407877c7,mary-help-of-christians,CMS Name,high,true,singleton set | truncated source filename
In Love with Mary,6a4130fb64e5cff40d221d56,Mater Dolorosa,mater-dolorosa,4,MATER DOLOROSA,6a679e19efbaeffca01079cd | 6a679e1a0fb9b1f19aaeb9f2 | 6a679e1dbd61fb1cdcd7e75c | 6a679e1ecb07e51255069bcd,th-mary-mater-dolorosa-2 | th-mary-mater-dolorosa-3 | th-mary-mater-dolorosa-4 | with-mary-mater-dolorosa,CMS Name,high,false,truncated source filename
In Love with Mary,6a4130fb64e5cff40d221d56,Nuestra Del Patrocinio,nuestra-del-patrocinio,1,Nuestra Del Patrocinio,6a679ddfefbaeffca0105d66,y-nuestra-del-patrocinio,CMS Name,high,true,singleton set | truncated source filename
In Love with Mary,6a4130fb64e5cff40d221d56,Nuestra Senora De La Immaculada Concepcion,nuestra-senora-de-la-immaculada-concepcion,1,Nuestra Senora De la Immaculada Concepcion,6a679de79e9b3c4d1d723b3d,la-immaculada-concepcion,CMS Name,high,true,singleton set | truncated source filename
In Love with Mary,6a4130fb64e5cff40d221d56,Nuestra Senora Virgen De La Regla,nuestra-senora-virgen-de-la-regla,1,Nuestra Senora Virgen De la Regla,6a679de655b8941c6fdcc227,enora-virgen-de-la-regla,CMS Name,high,true,singleton set | truncated source filename
In Love with Mary,6a4130fb64e5cff40d221d56,Nuestra Señora De La Asunción,nuestra-senora-de-la-asuncion,1,Nuestra Señora de la Asunción,6a679e4eca704d21d809ab3d,ra-senora-de-la-asuncion,CMS Name,high,true,singleton set | truncated source filename
In Love with Mary,6a4130fb64e5cff40d221d56,Nuestra Señora De La Consolacion Y Correa De Alcoy,nuestra-senora-de-la-consolacion-y-correa-de-alcoy,1,NUESTRA SEÑORA DE LA CONSOLACION Y CORREA DE ALCOY,6a679debeeade61073c3123f,lacion-y-correa-de-alcoy,CMS Name,high,true,singleton set | truncated source filename
In Love with Mary,6a4130fb64e5cff40d221d56,Nuestra Señora De La Consolacion Y Correa De Argao,nuestra-senora-de-la-consolacion-y-correa-de-argao,1,NUESTRA SEÑORA DE LA CONSOLACION Y CORREA DE ARGAO,6a679ded7b200521e815c3fe,lacion-y-correa-de-argao,CMS Name,high,true,singleton set | truncated source filename
In Love with Mary,6a4130fb64e5cff40d221d56,Nuestra Señora De La Consolacion Y Correa De Carcar,nuestra-senora-de-la-consolacion-y-correa-de-carcar,2,NUESTRA SEÑORA DE LA CONSOLACION Y CORREA DE CARCAR,6a679df439a6297b82e09606 | 6a679df44b2acdc529a12847,acion-y-correa-de-carcar | ion-y-correa-de-carcar-2,CMS Name,high,false,truncated source filename
In Love with Mary,6a4130fb64e5cff40d221d56,Nuestra Señora De La Consolacion Y Correa De Dalaguete,nuestra-senora-de-la-consolacion-y-correa-de-dalaguete,1,NUESTRA SEÑORA DE LA CONSOLACION Y CORREA DE DALAGUETE,6a679defcb07e51255067bea,on-y-correa-de-dalaguete,CMS Name,high,true,singleton set | truncated source filename
In Love with Mary,6a4130fb64e5cff40d221d56,Nuestra Señora De La Consolacion Y Correa De San Nicolas,nuestra-senora-de-la-consolacion-y-correa-de-san-nicolas,1,NUESTRA SEÑORA DE LA CONSOLACION Y CORREA DE SAN NICOLAS,6a679df2d0581e7876fca3f3,y-correa-de-san-nicolas,CMS Name,high,true,singleton set | truncated source filename
In Love with Mary,6a4130fb64e5cff40d221d56,Nuestra Señora De La Consolacion Y Correa De Talisay,nuestra-senora-de-la-consolacion-y-correa-de-talisay,1,NUESTRA SEÑORA DE LA CONSOLACION Y CORREA DE TALISAY,6a679df1e4223da842ea69f7,cion-y-correa-de-talisay,CMS Name,high,true,singleton set | truncated source filename
In Love with Mary,6a4130fb64e5cff40d221d56,Nuestra Señora De La Inmaculada Concepcion,nuestra-senora-de-la-inmaculada-concepcion,8,NUESTRA SEÑORA DE LA INMACULADA CONCEPCION,6a679df73b7bf7fb5d4b0b47 | 6a679df80fb9b1f19aaea19e | 6a679dfa7b200521e815c931 | 6a679dfb9e9b3c4d1d7245fa | 6a679e01dffe953a779d9807 | 6a679e028acb3b3a1418b865 | 6a679e03b33f1426ff297117 | 6a679e049e9b3c4d1d7248d0,inmaculada-concepcion-2 | inmaculada-concepcion-3 | inmaculada-concepcion-4 | inmaculada-concepcion-5 | inmaculada-concepcion-6 | inmaculada-concepcion-7 | inmaculada-concepcion-8 | la-inmaculada-concepcion,CMS Name,high,false,truncated source filename
In Love with Mary,6a4130fb64e5cff40d221d56,Nuestra Señora De La Medalla Milagrosa,nuestra-senora-de-la-medalla-milagrosa,5,NUESTRA SEÑORA DE LA MEDALLA MILAGROSA,6a679e2b3b7bf7fb5d4b2d65 | 6a679e2f3b7bf7fb5d4b2f66 | 6a679e30d0581e7876fcc417 | 6a679e31efbaeffca01083ef | 6a679e321cf84c122f32af74,de-la-medalla-milagrosa | e-la-medalla-milagrosa-2 | e-la-medalla-milagrosa-3 | e-la-medalla-milagrosa-4 | e-la-medalla-milagrosa-5,CMS Name,high,false,truncated source filename
In Love with Mary,6a4130fb64e5cff40d221d56,Nuestra Señora De Los Dolores,nuestra-senora-de-los-dolores,3,NUESTRA SEÑORA DE LOS DOLORES,6a679e1cbd61fb1cdcd7e69c | 6a679e20ada99a788db260de | 6a679e2178a10dded9132d66,ra-senora-de-los-dolores | senora-de-los-dolores-2 | senora-de-los-dolores-3,CMS Name,high,false,truncated source filename
In Love with Mary,6a4130fb64e5cff40d221d56,Nuestra Señora Del Carmen,nuestra-senora-del-carmen,4,NUESTRA SEÑORA DEL CARMEN,6a679e1439a6297b82e09d71 | 6a679e14ef3349cb653b6c0e | 6a679e16ebb5c526c04d63a5 | 6a679e18ef3349cb653b6ddb,stra-senora-del-carmen-2 | stra-senora-del-carmen-3 | stra-senora-del-carmen-4 | uestra-senora-del-carmen,CMS Name,high,false,truncated source filename
In Love with Mary,6a4130fb64e5cff40d221d56,Nuestra Señora Del Patrocinio De Maria,nuestra-senora-del-patrocinio-de-maria,1,Nuestra Señora del Patrocinio de Maria,6a679e4c6bb5de7ea71916cc,del-patrocinio-de-maria,CMS Name,high,true,singleton set | truncated source filename
In Love with Mary,6a4130fb64e5cff40d221d56,Nuestra Señora Del Patrocinio La Chinita,nuestra-senora-del-patrocinio-la-chinita,1,Nuestra Señora del Patrocinio - La Chinita,6a679de8bd61fb1cdcd7c775,el-patrocinio-la-chinita,CMS Name,high,true,singleton set | truncated source filename
In Love with Mary,6a4130fb64e5cff40d221d56,Nuestra Señora Del Patrocinio La Mestiza,nuestra-senora-del-patrocinio-la-mestiza,1,Nuestra Señora del Patrocinio - La Mestiza,6a679deabd61fb1cdcd7c8ec,el-patrocinio-la-mestiza,CMS Name,high,true,singleton set | truncated source filename
In Love with Mary,6a4130fb64e5cff40d221d56,Nuestra Señora Del Santisimo Rosario,nuestra-senora-del-santisimo-rosario,8,NUESTRA SEÑORA DEL SANTISIMO ROSARIO,6a679e093b7bf7fb5d4b14fd | 6a679e0c0fb9b1f19aaeb183 | 6a679e0c6691b1c612449e90 | 6a679e0dca704d21d8098c1f | 6a679e0e6691b1c612449f03 | 6a679e0edffe953a779d9f06 | 6a679e10b33f1426ff297a33 | 6a679e1206a41013871530df,del-santisimo-rosario-2 | del-santisimo-rosario-3 | del-santisimo-rosario-4 | del-santisimo-rosario-5 | del-santisimo-rosario-6 | del-santisimo-rosario-7 | el-santisimo-rosario-3-2 | ra-del-santisimo-rosario,CMS Name,high,false,truncated source filename
In Love with Mary,6a4130fb64e5cff40d221d56,Our Lady of Lourdes,our-lady-of-lourdes,3,OUR LADY OF LOURDES,6a679e341b2e0e87bdd4088d | 6a679e34312313cb551e262b | 6a679e356bb5de7ea71908b2,mary-our-lady-of-lourdes | ry-our-lady-of-lourdes-2 | ry-our-lady-of-lourdes-3,CMS Name,high,false,truncated source filename
In Love with Mary,6a4130fb64e5cff40d221d56,Our Lady of Perpetual Help,our-lady-of-perpetual-help,2,OUR LADY OF PERPETUAL HELP,6a679e3806a4101387154ba8 | 6a679e393be05a134f6453d9,lady-of-perpetual-help-2 | r-lady-of-perpetual-help,CMS Name,high,false,truncated source filename
In Love with Mary,6a4130fb64e5cff40d221d56,Our Lady of the Sacred Heart,in-love-with-mary-our-lady-of-the-sacred-heart,1,OUR LADY OF THE SACRED HEART,6a679e25875af87798b89670,lady-of-the-sacred-heart,CMS Name,high,true,singleton set | truncated source filename
In Love with Mary,6a4130fb64e5cff40d221d56,Queen of the Most Holy Eucharist,queen-of-the-most-holy-eucharist,1,QUEEN OF THE MOST HOLY EUCHARIST,6a679e4008b9a44c5a9bdcdf,the-most-holy-eucharist,CMS Name,high,true,singleton set | truncated source filename
In Love with Mary,6a4130fb64e5cff40d221d56,Virgen De Las Flores,virgen-de-las-flores,3,VIRGEN DE LAS FLORES,6a679e4239a6297b82e0ac11 | 6a679e456a0d5f994c3937a5 | 6a679e46bded1ae16ef81daf,ary-virgen-de-las-flores | y-virgen-de-las-flores-2 | y-virgen-de-las-flores-3,CMS Name,high,false,truncated source filename
In Love with Mary,6a4130fb64e5cff40d221d56,Virgen De Los Remedios,virgen-de-los-remedios,3,VIRGEN DE LOS REMEDIOS,6a679e3c06a4101387155045 | 6a679e3e39a6297b82e0a928 | 6a679e3eca704d21d809a3ed,virgen-de-los-remedios-2 | virgen-de-los-remedios-3 | y-virgen-de-los-remedios,CMS Name,high,false,truncated source filename
In Love with Mary,6a4130fb64e5cff40d221d56,Virgin Mary,virgin-mary,2,VIRGIN MARY,6a679e44bf7a891e91125a1f | 6a679e44cb07e5125506b2bb,ve-with-mary-virgin-mary | with-mary-virgin-mary-2,CMS Name,high,false,truncated source filename | potential near-duplicate set name within the same Gallery
In Love with Mary,6a4130fb64e5cff40d221d56,Virgin Mary with the Child Jesus,virgin-mary-with-the-child-jesus,1,VIRGIN MARY WITH THE CHILD JESUS,6a679e3aca704d21d809a1bc,ary-with-the-child-jesus,CMS Name,high,true,singleton set | truncated source filename | potential near-duplicate set name within the same Gallery
Liturgy and the Sacraments,6a679b491b2e0e87bdd332b1,Altar,liturgy-and-the-sacraments-2-altar,1,ALTAR,6a679e52ca704d21d809ae0d,d-the-sacraments-2-altar,CMS Name,high,true,singleton set | truncated source filename
Liturgy and the Sacraments,6a679b491b2e0e87bdd332b1,Arras,arras,1,ARRAS,6a679ec33b7bf7fb5d4b9762,d-the-sacraments-2-arras,CMS Name,high,true,singleton set | truncated source filename
Liturgy and the Sacraments,6a679b491b2e0e87bdd332b1,Baptismal Shell,baptismal-shell,1,BAPTISMAL SHELL,6a679ecfe4223da842eaea59,aments-2-baptismal-shell,CMS Name,high,true,singleton set | truncated source filename
Liturgy and the Sacraments,6a679b491b2e0e87bdd332b1,Bells,bells,1,BELLS,6a679f2306a410138715e871,d-the-sacraments-2-bells,CMS Name,high,true,singleton set | truncated source filename
Liturgy and the Sacraments,6a679b491b2e0e87bdd332b1,Book Holder,book-holder,1,BOOK HOLDER,6a679f3e3b7bf7fb5d4bf438,sacraments-2-book-holder,CMS Name,high,true,singleton set | truncated source filename
Liturgy and the Sacraments,6a679b491b2e0e87bdd332b1,Candle Holder,liturgy-and-the-sacraments-2-candle-holder,6,CANDLE HOLDER,6a679ee448fe08facb6621ed | 6a679ee75fb312a8c2cfd5c2 | 6a679eea7b200521e81612f2 | 6a679eed1e982a57a4719810 | 6a679ef2de56670668b828b6 | 6a679ef7165b30854078b921,aments-2-candle-holder-2 | aments-2-candle-holder-3 | aments-2-candle-holder-4 | aments-2-candle-holder-5 | e-sacraments-2-chalice-5 | ents-2-candle-holder-4-2,CMS Name,high,false,truncated source filename
Liturgy and the Sacraments,6a679b491b2e0e87bdd332b1,Chalice,chalice,8,CHALICE,6a679e622d6d999f309d4251 | 6a679e676691b1c61244ba21 | 6a679e6c2ab6542afae7bb50 | 6a679e6fefbaeffca010a3a4 | 6a679e721cf84c122f32bdcc | 6a679e807887d4eb8fb4860d | 6a679e9d7b200521e815f43c | 6a679ea1efbaeffca010be6a,e-sacraments-2-chalice-2 | e-sacraments-2-chalice-3 | e-sacraments-2-chalice-4 | e-sacraments-2-chalice-5 | e-sacraments-2-chalice-6 | e-sacraments-2-chalice-7 | e-sacraments-2-chalice-8 | the-sacraments-2-chalice,CMS Name,high,false,truncated source filename | potential near-duplicate set name within the same Gallery
Liturgy and the Sacraments,6a679b491b2e0e87bdd332b1,Chalice and Paten,chalice-and-paten,4,CHALICE AND PATEN,6a679e756bb5de7ea7192860 | 6a679e7b2ab6542afae7c354 | 6a679e931b2e0e87bdd433c3 | 6a679e9acb07e5125506ef09,ents-2-chalice-and-paten | ts-2-chalice-and-paten-2 | ts-2-chalice-and-paten-3 | ts-2-chalice-and-paten-4,CMS Name,high,false,truncated source filename | potential near-duplicate set name within the same Gallery
Liturgy and the Sacraments,6a679b491b2e0e87bdd332b1,Church Bell,church-bell,1,CHURCH BELL,6a679f1f2ab6542afae82c1f,sacraments-2-church-bell,CMS Name,high,true,singleton set | truncated source filename
Liturgy and the Sacraments,6a679b491b2e0e87bdd332b1,Ciborium,ciborium,5,CIBORIUM,6a679e84b33f1426ff29c827 | 6a679e87ca704d21d809c649 | 6a679e90ef3349cb653b94df | 6a679e97bded1ae16ef83ab5 | 6a679ed6dffe953a779e138e,acraments-2-ciborium-3-2 | he-sacraments-2-ciborium | sacraments-2-ciborium-2 | sacraments-2-ciborium-3 | sacraments-2-ciborium-4,CMS Name,high,false,truncated source filename
Liturgy and the Sacraments,6a679b491b2e0e87bdd332b1,Crucifix,liturgy-and-the-sacraments-2-crucifix,2,CRUCIFIX,6a679e55312313cb551e2d7f | 6a679e588acb3b3a1418df71,sacraments-2-crucifix-15 | sacraments-2-crucifix-16,CMS Name,high,false,truncated source filename
Liturgy and the Sacraments,6a679b491b2e0e87bdd332b1,Glass Chalice,glass-chalice,1,GLASS CHALICE,6a679e8b2ab6542afae7ccd3,craments-2-glass-chalice,CMS Name,high,true,singleton set | truncated source filename
Liturgy and the Sacraments,6a679b491b2e0e87bdd332b1,Hostiano (Host Maker),hostiano-host-maker,1,HOSTIANO (HOST MAKER),6a679ee3ebb5c526c04dba6c,ts-2-hostiano-host-maker,CMS Name,high,true,singleton set | truncated source filename
Liturgy and the Sacraments,6a679b491b2e0e87bdd332b1,Liturgical Objects,liturgical-objects,5,LITURGICAL OBJECTS,6a679efb7b200521e8161ddf | 6a679f07de56670668b830b3 | 6a679f140c02f7b16f39b394 | 6a679f2d47694145669db8b6 | 6a679f3148fe08facb665e2a,nts-2-liturgical-objects | s-2-liturgical-objects-2 | s-2-liturgical-objects-3 | s-2-liturgical-objects-4 | s-2-liturgical-objects-5,CMS Name,high,false,truncated source filename
Liturgy and the Sacraments,6a679b491b2e0e87bdd332b1,Matraca,matraca,2,MATRACA,6a679f27fd200fc82a70a7a3 | 6a679f2ade56670668b840c9,e-sacraments-2-matraca-2 | the-sacraments-2-matraca,CMS Name,high,false,truncated source filename
Liturgy and the Sacraments,6a679b491b2e0e87bdd332b1,Monstrance,monstrance,5,MONSTRANCE,6a679ea52d6d999f309d708c | 6a679ea878a10dded9135b08 | 6a679eac3b7bf7fb5d4b8314 | 6a679eb0ada99a788db29a1a | 6a679eb4165b308540789a4c,acraments-2-monstrance-2 | acraments-2-monstrance-3 | acraments-2-monstrance-4 | acraments-2-monstrance-5 | sacraments-2-monstrance,CMS Name,high,false,truncated source filename
Liturgy and the Sacraments,6a679b491b2e0e87bdd332b1,Objects for Liturgical Celebration,objects-for-liturgical-celebration,1,OBJECTS FOR LITURGICAL CELEBRATION,6a679ec77b200521e815fe28,r-liturgical-celebration,CMS Name,high,true,singleton set | truncated source filename
Liturgy and the Sacraments,6a679b491b2e0e87bdd332b1,Oil Containers,oil-containers,1,OIL CONTAINERS,6a679eba2d6d999f309d7f50,raments-2-oil-containers,CMS Name,high,true,singleton set | truncated source filename
Liturgy and the Sacraments,6a679b491b2e0e87bdd332b1,Orimon,orimon,1,ORIMON,6a679f390fb9b1f19aaf5139,the-sacraments-2-orimon,CMS Name,high,true,singleton set | truncated source filename
Liturgy and the Sacraments,6a679b491b2e0e87bdd332b1,Pair of Crucifixes,pair-of-crucifixes,1,PAIR OF CRUCIFIXES,6a679e5b51998a2e38c98d03,nts-2-pair-of-crucifixes,CMS Name,high,true,singleton set | truncated source filename
Liturgy and the Sacraments,6a679b491b2e0e87bdd332b1,Portapaz,portapaz,2,PORTAPAZ,6a679ebe2ab6542afae7ece0 | 6a679f0f6bb5de7ea7196f6d,he-sacraments-2-portapaz | sacraments-2-portapaz-2,CMS Name,high,false,truncated source filename
Liturgy and the Sacraments,6a679b491b2e0e87bdd332b1,Processional Cross,processional-cross,1,PROCESSIONAL CROSS,6a679e5fefbaeffca0109dde,nts-2-processional-cross,CMS Name,high,true,singleton set | truncated source filename
Liturgy and the Sacraments,6a679b491b2e0e87bdd332b1,Ruedas,ruedas,2,RUEDAS,6a679f1809d6d5deb16d365e | 6a679f1b2d6d999f309db671,he-sacraments-2-ruedas-2 | the-sacraments-2-ruedas,CMS Name,high,false,truncated source filename
Liturgy and the Sacraments,6a679b491b2e0e87bdd332b1,Set of Cruets,set-of-cruets,1,SET OF CRUETS,6a679eb72d6d999f309d7e2e,craments-2-set-of-cruets,CMS Name,high,true,singleton set | truncated source filename
Liturgy and the Sacraments,6a679b491b2e0e87bdd332b1,Silver Guidon,silver-guidon,1,SILVER GUIDON,6a679f345fb312a8c2cfe0b1,craments-2-silver-guidon,CMS Name,high,true,singleton set | truncated source filename
Liturgy and the Sacraments,6a679b491b2e0e87bdd332b1,Silver Plated Brass Incense Burner,silver-plated-brass-incense-burner,1,SILVER-PLATED BRASS INCENSE BURNER,6a679edd6bb5de7ea7195d42,ted-brass-incense-burner,CMS Name,high,true,singleton set | truncated source filename
Liturgy and the Sacraments,6a679b491b2e0e87bdd332b1,Small Cauldrons,small-cauldrons,1,SMALL CAULDRONS,6a679ed93b7bf7fb5d4ba78f,aments-2-small-cauldrons,CMS Name,high,true,singleton set | truncated source filename
Liturgy and the Sacraments,6a679b491b2e0e87bdd332b1,Tabernacle,liturgy-and-the-sacraments-2-tabernacle,1,TABERNACLE,6a679f0b165b30854078c6d5,sacraments-2-tabernacle,CMS Name,high,true,singleton set | truncated source filename
Liturgy and the Sacraments,6a679b491b2e0e87bdd332b1,Tabernacolo,tabernacolo,1,TABERNACOLO,6a679f0106a410138715ce0f,sacraments-2-tabernacolo,CMS Name,high,true,singleton set | truncated source filename
Liturgy and the Sacraments,6a679b491b2e0e87bdd332b1,Vimayeras,vimayeras,1,VIMAYERAS,6a679ed348fe08facb661473,e-sacraments-2-vimayeras,CMS Name,high,true,singleton set | truncated source filename
Liturgy and the Sacraments,6a679b491b2e0e87bdd332b1,Wooden Box for Holy Oil,wooden-box-for-holy-oil,1,WOODEN BOX FOR HOLY OIL,6a679ecbb33f1426ff29ec41,wooden-box-for-holy-oil,CMS Name,high,true,singleton set | truncated source filename
Painting the Sacred,6a679b45958e708dc185c91a,5 Joyful Mysteries,5-joyful-mysteries,1,5 JOYFUL MYSTERIES,6a679f8208b9a44c5a9c6792,acred-5-joyful-mysteries,CMS Name,high,true,singleton set | truncated source filename | potential near-duplicate set name within the same Gallery
Painting the Sacred,6a679b45958e708dc185c91a,5 Joyful Mysteries (on Lawanit),5-joyful-mysteries-on-lawanit,1,5 JOYFUL MYSTERIES (ON LAWANIT),6a679f7febb5c526c04e093e,ful-mysteries-on-lawanit,CMS Name,high,true,singleton set | truncated source filename | potential near-duplicate set name within the same Gallery
Painting the Sacred,6a679b45958e708dc185c91a,Birhen Sa Regla,painting-the-sacred-birhen-sa-regla,3,BIRHEN SA REGLA,6a679f576bb5de7ea7199154 | 6a679f6fd42dd196cb09eabf | 6a679f7306a4101387161595,sacred-birhen-sa-regla-4 | sacred-birhen-sa-regla-5 | sacred-birhen-sa-regla-6,CMS Name,high,false,truncated source filename
Painting the Sacred,6a679b45958e708dc185c91a,Joyful Mysteries of the Rosary,joyful-mysteries-of-the-rosary,1,JOYFUL MYSTERIES OF THE ROSARY,6a679f88ca704d21d80a2946,mysteries-of-the-rosary,CMS Name,high,true,singleton set | truncated source filename
Painting the Sacred,6a679b45958e708dc185c91a,Our Lady of the Sacred Heart,painting-the-sacred-our-lady-of-the-sacred-heart,1,OUR LADY OF THE SACRED HEART,6a679f4ccb07e51255077d87,dy-of-the-sacred-heart-2,CMS Name,high,true,singleton set | truncated source filename
Painting the Sacred,6a679b45958e708dc185c91a,Painting of Mary,painting-of-mary,1,PAINTING OF MARY,6a679f776bb5de7ea7199ee8,sacred-painting-of-mary,CMS Name,high,true,singleton set | truncated source filename
Painting the Sacred,6a679b45958e708dc185c91a,Portait of John Xxiii,portait-of-john-xxiii,1,PORTAIT OF JOHN XXIII,6a679f6208b9a44c5a9c59b8,ed-portait-of-john-xxiii,CMS Name,high,true,singleton set | truncated source filename
Painting the Sacred,6a679b45958e708dc185c91a,Portrait of Benedict Xvi,portrait-of-benedict-xvi,1,PORTRAIT OF BENEDICT XVI,6a679f660fb9b1f19aaf6daf,portrait-of-benedict-xvi,CMS Name,high,true,singleton set | truncated source filename
Painting the Sacred,6a679b45958e708dc185c91a,Portrait of Bishop Salvador,portrait-of-bishop-salvador,1,PORTRAIT OF BISHOP SALVADOR,6a679f90ca704d21d80a30ab,trait-of-bishop-salvador,CMS Name,high,true,singleton set | truncated source filename
Painting the Sacred,6a679b45958e708dc185c91a,Portrait of John Paul Ii,portrait-of-john-paul-ii,1,PORTRAIT OF JOHN PAUL II,6a679f5e06a4101387160566,portrait-of-john-paul-ii,CMS Name,high,true,singleton set | truncated source filename
Painting the Sacred,6a679b45958e708dc185c91a,Portrait of Pope Pius X,portrait-of-pope-pius-x,1,PORTRAIT OF Pope Pius X,6a679f6aebb5c526c04e002c,portrait-of-pope-pius-x,CMS Name,high,true,singleton set | truncated source filename
Painting the Sacred,6a679b45958e708dc185c91a,Portrait of Salvador Brothers,portrait-of-salvador-brothers,1,PORTRAIT OF SALVADOR BROTHERS,6a679f947887d4eb8fb4d04b,ait-of-salvador-brothers,CMS Name,high,true,singleton set | truncated source filename
Painting the Sacred,6a679b45958e708dc185c91a,Relief Carving of the Crucifixion,relief-carving-of-the-crucifixion,1,RELIEF CARVING OF THE CRUCIFIXION,6a679f41eeade61073c367d9,rving-of-the-crucifixion,CMS Name,high,true,singleton set | truncated source filename
Painting the Sacred,6a679b45958e708dc185c91a,Sacred Heart of Jesus,painting-the-sacred-sacred-heart-of-jesus,1,SACRED HEART OF JESUS,6a679f48312313cb551e4630,sacred-heart-of-jesus-8,CMS Name,high,true,singleton set | truncated source filename
Painting the Sacred,6a679b45958e708dc185c91a,Sorrowful Mysteries of the Rosary,sorrowful-mysteries-of-the-rosary,1,SORROWFUL MYSTERIES OF THE ROSARY,6a679f8cada99a788db314b9,mysteries-of-the-rosary,CMS Name,high,true,singleton set | truncated source filename
Painting the Sacred,6a679b45958e708dc185c91a,Sorrowful Mystery (on Lawanit),sorrowful-mystery-on-lawanit,1,SORROWFUL MYSTERY (ON LAWANIT),6a679f7bb33f1426ff2a46c0,owful-mystery-on-lawanit,CMS Name,high,true,singleton set | truncated source filename
Painting the Sacred,6a679b45958e708dc185c91a,The Baptism of Jesus,the-baptism-of-jesus,1,THE BAPTISM OF JESUS,6a679f45efbaeffca010f4b2,red-the-baptism-of-jesus,CMS Name,high,true,singleton set | truncated source filename
Painting the Sacred,6a679b45958e708dc185c91a,The Crossing of the Dead Sea with Moses,the-crossing-of-the-dead-sea-with-moses,1,the-crossing-of-the-dead-sea-with-moses,6a679f50ada99a788db2f198,the-dead-sea-with-moses,CMS Name,high,true,singleton set | truncated source filename
Sacred Furnishings,6a679b4eef3349cb653a7fa7,Altar,sacred-furnishings-altar,2,ALTAR,6a679fcd6fdd59eade61b1b9 | 6a679fed3b7bf7fb5d4c71fd,cred-furnishings-altar-2 | cred-furnishings-altar-3,CMS Name,high,false,truncated source filename | potential near-duplicate set name within the same Gallery
Sacred Furnishings,6a679b4eef3349cb653a7fa7,Altar Frontal Relief Carving,altar-frontal-relief-carving,1,ALTAR FRONTAL RELIEF CARVING,6a679ffb0fb9b1f19aafabd6,r-frontal-relief-carving,CMS Name,high,true,singleton set | truncated source filename | potential near-duplicate set name within the same Gallery
Sacred Furnishings,6a679b4eef3349cb653a7fa7,Ambo,ambo,1,AMBO,6a679fd809d6d5deb16dc3ed,sacred-furnishings-ambo,CMS Name,high,true,singleton set | truncated source filename
Sacred Furnishings,6a679b4eef3349cb653a7fa7,Candelabra,candelabra,1,CANDELABRA,6a67a03fef3349cb653c2afb,d-furnishings-candelabra,CMS Name,high,true,singleton set | truncated source filename
Sacred Furnishings,6a679b4eef3349cb653a7fa7,Candle Holder,sacred-furnishings-candle-holder,2,CANDLE HOLDER,6a67a030ca704d21d80a83d7 | 6a67a033ca704d21d80a86d4,furnishings-pole-stand-2 | nishings-candle-holder-6,CMS Name,high,false,truncated source filename
Sacred Furnishings,6a679b4eef3349cb653a7fa7,Cartouche (Set),cartouche-set,1,CARTOUCHE (SET),6a67a016e4223da842ebba01,urnishings-cartouche-set,CMS Name,high,true,singleton set | truncated source filename
Sacred Furnishings,6a679b4eef3349cb653a7fa7,Chairs in the Liturgy,chairs-in-the-liturgy,10,CHAIRS IN THE LITURGY,6a679f97b33f1426ff2a52a1 | 6a679f9dca704d21d80a3a9c | 6a679fa047694145669df314 | 6a679fa406a4101387163661 | 6a679fa8165b308540791862 | 6a679fb0b33f1426ff2a5ec8 | 6a679fb7bd61fb1cdcd8f8d5 | 6a679fbe0dc0a2b1638c4c6c | 6a679fc16fdd59eade61af89 | 6a679fc91e982a57a471c7f6,chairs-in-the-liturgy-10 | chairs-in-the-liturgy-2 | chairs-in-the-liturgy-3 | chairs-in-the-liturgy-4 | chairs-in-the-liturgy-5 | chairs-in-the-liturgy-6 | chairs-in-the-liturgy-7 | chairs-in-the-liturgy-8 | chairs-in-the-liturgy-9 | gs-chairs-in-the-liturgy,CMS Name,high,false,truncated source filename | unusually large set
Sacred Furnishings,6a679b4eef3349cb653a7fa7,Confessional Box,confessional-box,1,CONFESSIONAL BOX,6a679facca704d21d80a433e,ishings-confessional-box,CMS Name,high,true,singleton set | truncated source filename
Sacred Furnishings,6a679b4eef3349cb653a7fa7,Creduza (Mini Altar),creduza-mini-altar,1,CREDUZA (MINI ALTAR),6a679fe6ca704d21d80a5f25,hings-creduza-mini-altar,CMS Name,high,true,singleton set | truncated source filename
Sacred Furnishings,6a679b4eef3349cb653a7fa7,Cross Stand,cross-stand,1,CROSS STAND,6a67a01a7b200521e816981c,furnishings-cross-stand,CMS Name,high,true,singleton set | truncated source filename
Sacred Furnishings,6a679b4eef3349cb653a7fa7,Deco Relief on Wood,deco-relief-on-wood,1,DECO RELIEF ON WOOD,6a67a00806a410138716630b,ings-deco-relief-on-wood,CMS Name,high,true,singleton set | truncated source filename
Sacred Furnishings,6a679b4eef3349cb653a7fa7,Decorative Furnishing,decorative-furnishing,1,DECORATIVE FURNISHING,6a679ff747694145669dfce0,gs-decorative-furnishing,CMS Name,high,true,singleton set | truncated source filename
Sacred Furnishings,6a679b4eef3349cb653a7fa7,Decorative Set,decorative-set,2,DECORATIVE SET,6a67a00bbded1ae16ef8f131 | 6a67a00e1e982a57a471d234,ishings-decorative-set-2 | rnishings-decorative-set,CMS Name,high,false,truncated source filename
Sacred Furnishings,6a679b4eef3349cb653a7fa7,Decorative Stand,decorative-stand,1,DECORATIVE STAND,6a67a02c7b200521e816a07e,ishings-decorative-stand,CMS Name,high,true,singleton set | truncated source filename
Sacred Furnishings,6a679b4eef3349cb653a7fa7,Episcopal Chair,episcopal-chair,1,EPISCOPAL CHAIR,6a679fbbca704d21d80a4a82,nishings-episcopal-chair,CMS Name,high,true,singleton set | truncated source filename
Sacred Furnishings,6a679b4eef3349cb653a7fa7,Framed Sacra (Pairs),framed-sacra-pairs,1,FRAMED SACRA (PAIRS),6a67a03b47694145669e1873,hings-framed-sacra-pairs,CMS Name,high,true,singleton set | truncated source filename
Sacred Furnishings,6a679b4eef3349cb653a7fa7,Lagang,lagang,1,LAGANG,6a67a04cb33f1426ff2a9bb0,acred-furnishings-lagang,CMS Name,high,true,singleton set | truncated source filename | potential near-duplicate set name within the same Gallery
Sacred Furnishings,6a679b4eef3349cb653a7fa7,Lagang on a Vase,lagang-on-a-vase,1,LAGANG ON A VASE,6a67a0504d9c03c1ce682928,ishings-lagang-on-a-vase,CMS Name,high,true,singleton set | truncated source filename | potential near-duplicate set name within the same Gallery
Sacred Furnishings,6a679b4eef3349cb653a7fa7,Lagang Ramillete,lagang-ramillete,1,LAGANG RAMILLETE,6a67a0474d9c03c1ce682495,ishings-lagang-ramillete,CMS Name,high,true,singleton set | truncated source filename | potential near-duplicate set name within the same Gallery
Sacred Furnishings,6a679b4eef3349cb653a7fa7,Lagang Sculptural Piece,lagang-sculptural-piece,1,LAGANG SCULPTURAL PIECE,6a67a0433b7bf7fb5d4cb5bd,lagang-sculptural-piece,CMS Name,high,true,singleton set | truncated source filename | potential near-duplicate set name within the same Gallery
Sacred Furnishings,6a679b4eef3349cb653a7fa7,Last Supper (Brass Relief),last-supper-brass-relief,1,LAST SUPPER (BRASS RELIEF),6a67a0387b200521e816a6a4,last-supper-brass-relief,CMS Name,high,true,singleton set | truncated source filename
Sacred Furnishings,6a679b4eef3349cb653a7fa7,Ludhanan (Kneeler),ludhanan-kneeler,1,LUDHANAN (KNEELER),6a679fb47b200521e81672e8,ishings-ludhanan-kneeler,CMS Name,high,true,singleton set | truncated source filename
Sacred Furnishings,6a679b4eef3349cb653a7fa7,Metallic Candle Holder (Dagkotanan),metallic-candle-holder-dagkotanan,1,METALLIC CANDLE HOLDER (DAGKOTANAN),6a679fe39357647de2286765,candle-holder-dagkotanan,CMS Name,high,true,singleton set | truncated source filename
Sacred Furnishings,6a679b4eef3349cb653a7fa7,Orna,orna,1,ORNA,6a679fd16691b1c612453336,sacred-furnishings-orna,CMS Name,high,true,singleton set | truncated source filename
Sacred Furnishings,6a679b4eef3349cb653a7fa7,Pole Stand,pole-stand,1,POLE STAND,6a67a012ebb5c526c04e38c5,d-furnishings-pole-stand,CMS Name,high,true,singleton set | truncated source filename
Sacred Furnishings,6a679b4eef3349cb653a7fa7,Ramilieta,ramilieta,1,RAMILIETA,6a679fffada99a788db32d69,ed-furnishings-ramilieta,CMS Name,high,true,singleton set | truncated source filename
Sacred Furnishings,6a679b4eef3349cb653a7fa7,Ramillete,ramillete,5,RAMILLETE,6a679ff055b8941c6fdcf7a5 | 6a679ff49357647de2286b7c | 6a67a01debb5c526c04e3d3b | 6a67a021e213257a0c00bfe0 | 6a67a025bd61fb1cdcd936ca,ed-furnishings-ramillete | furnishings-ramillete-2 | furnishings-ramillete-3 | furnishings-ramillete-4 | furnishings-ramillete-5,CMS Name,high,false,truncated source filename | potential near-duplicate set name within the same Gallery
Sacred Furnishings,6a679b4eef3349cb653a7fa7,Ramillete #2,ramillete-2,1,RAMILLETE #2,6a67a02921bb220f0883cc2a,furnishings-ramillete-6,CMS Name,high,true,singleton set | truncated source filename | potential near-duplicate set name within the same Gallery
Sacred Furnishings,6a679b4eef3349cb653a7fa7,Silla Episcopal,silla-episcopal,1,SILLA EPISCOPAL,6a679fc688153d547cf81f0e,nishings-silla-episcopal,CMS Name,high,true,singleton set | truncated source filename
Sacred Furnishings,6a679b4eef3349cb653a7fa7,Tabernacle,sacred-furnishings-tabernacle,2,TABERNACLE,6a679fd40fb9b1f19aaf9953 | 6a679fe948fe08facb66d7e0,furnishings-tabernacle-2 | furnishings-tabernacle-3,CMS Name,high,false,truncated source filename
Sacred Furnishings,6a679b4eef3349cb653a7fa7,Urna 1,urna-1,1,URNA 1,6a679fdede56670668b86fd8,acred-furnishings-urna-1,CMS Name,high,true,singleton set | truncated source filename
Sacred Furnishings,6a679b4eef3349cb653a7fa7,Wall Deco Pair,wall-deco-pair,1,WALL DECO PAIR,6a67a0031e982a57a471cfe5,rnishings-wall-deco-pair,CMS Name,high,true,singleton set | truncated source filename
The Holy Family,6a679b34fd200fc82a6f8b18,Belen Scene,belen-scene,2,BELEN SCENE,6a67a05c2ab6542afae8e81f | 6a67a065ef3349cb653c4211,holy-family-belen-scene | oly-family-belen-scene-2,CMS Name,high,false,truncated source filename
The Holy Family,6a679b34fd200fc82a6f8b18,Death of Saint Joseph,death-of-saint-joseph,2,DEATH OF SAINT JOSEPH,6a67a09947694145669e4568 | 6a67a09dca704d21d80ac7d2,death-of-saint-joseph-2 | ly-death-of-saint-joseph,CMS Name,high,false,truncated source filename
The Holy Family,6a679b34fd200fc82a6f8b18,Sagrada Familia,sagrada-familia,3,SAGRADA FAMILIA,6a67a0543be05a134f64b962 | 6a67a0575fb312a8c2d02c95 | 6a67a06106a4101387169f34,family-sagrada-familia-2 | family-sagrada-familia-3 | y-family-sagrada-familia,CMS Name,high,false,truncated source filename
The Holy Family,6a679b34fd200fc82a6f8b18,San Jose,san-jose,11,SAN JOSE,6a67a06dd44a457225259c44 | 6a67a071bded1ae16ef90bb0 | 6a67a074d0581e7876fe1bbf | 6a67a078d0581e7876fe1c7d | 6a67a07cd42dd196cb0a0ff1 | 6a67a07fd42dd196cb0a1239 | 6a67a083165b3085407952b3 | 6a67a087b33f1426ff2ab6b3 | 6a67a08b06a410138716ba5a | 6a67a092ca704d21d80ac064 | 6a67a0964d9c03c1ce684113,e-holy-family-san-jose-2 | e-holy-family-san-jose-3 | e-holy-family-san-jose-4 | e-holy-family-san-jose-5 | e-holy-family-san-jose-6 | e-holy-family-san-jose-7 | e-holy-family-san-jose-8 | e-holy-family-san-jose-9 | holy-family-san-jose-10 | holy-family-san-jose-11 | the-holy-family-san-jose,CMS Name,high,false,truncated source filename | unusually large set | potential near-duplicate set name within the same Gallery
The Holy Family,6a679b34fd200fc82a6f8b18,San Jose De Mandaue,san-jose-de-mandaue,1,SAN JOSE DE MANDAUE,6a67a0693b7bf7fb5d4cd2e3,mily-san-jose-de-mandaue,CMS Name,high,true,singleton set | truncated source filename | potential near-duplicate set name within the same Gallery
Vestments and Linens,6a679b523b7bf7fb5d499a86,Cape,cape,1,CAPE,6a67a0cf7b200521e816e088,estments-and-linens-cape,CMS Name,high,true,singleton set | truncated source filename
Vestments and Linens,6a679b523b7bf7fb5d499a86,Chalice Veils and Bursars,chalice-veils-and-bursars,1,CHALICE VEILS AND BURSARS,6a67a0cc06a410138716e0e4,halice-veils-and-bursars,CMS Name,high,true,singleton set | truncated source filename
Vestments and Linens,6a679b523b7bf7fb5d499a86,Chasuble,chasuble,4,CHASUBLE,6a67a0b03b7bf7fb5d4d0e49 | 6a67a0b821bb220f0884144d | 6a67a0d347694145669e6309 | 6a67a0dc8acb3b3a14198f49,ents-and-linens-chasuble | ts-and-linens-chasuble-2 | ts-and-linens-chasuble-3 | ts-and-linens-chasuble-4,CMS Name,high,false,truncated source filename | potential near-duplicate set name within the same Gallery
Vestments and Linens,6a679b523b7bf7fb5d499a86,Chasuble with Stole,chasuble-with-stole,4,CHASUBLE WITH STOLE,6a67a0bdde56670668b89bb5 | 6a67a0c1b3b01fdbdea2ab8a | 6a67a0c568a33411479b7a65 | 6a67a0c8ef3349cb653c7b31,nens-chasuble-with-stole | ns-chasuble-with-stole-2 | ns-chasuble-with-stole-3 | ns-chasuble-with-stole-4,CMS Name,high,false,truncated source filename | potential near-duplicate set name within the same Gallery
Vestments and Linens,6a679b523b7bf7fb5d499a86,Dalmatic (Pair),dalmatic-pair,1,DALMATIC (PAIR),6a67a0d888153d547cf8a1ef,and-linens-dalmatic-pair,CMS Name,high,true,singleton set | truncated source filename
Vestments and Linens,6a679b523b7bf7fb5d499a86,Shoes,shoes,1,SHOES,6a67a0e1e4223da842ec325a,stments-and-linens-shoes,CMS Name,high,true,singleton set | truncated source filename
Vestments and Linens,6a679b523b7bf7fb5d499a86,Vestments and Linen,vestments-and-linen,4,VESTMENTS AND LINEN,6a67a0a04d9c03c1ce6844fd | 6a67a0a4ada99a788db3647b | 6a67a0a855b8941c6fdd2b7d | 6a67a0acdffe953a779eb8cb,nens-vestments-and-linen | ns-vestments-and-linen-2 | ns-vestments-and-linen-3 | ns-vestments-and-linen-4,CMS Name,high,false,truncated source filename
